cnpj,data_abertura,cidade,estado,capital_social
00.000.001/0001-01,2025-07-28T09:30:00Z,Porto Alegre,RS,33694.15
00.000.002/0002-02,2025-07-28T10:00:00Z,Salvador,BA,138373.75
00.000.003/0003-03,2025-07-28T10:30:00Z,Curitiba,PR,118457.37
00.000.004/0004-04,2025-07-28T11:00:00Z,Curitiba,PR,190465.54
00.000.005/0005-05,2025-07-28T11:30:00Z,Fortaleza,CE,72971.84
00.000.006/0006-06,2025-07-28T12:00:00Z,Porto Alegre,RS,69142.58
00.000.007/0007-07,2025-07-28T12:30:00Z,Recife,PE,117760.79
00.000.008/0008-08,2025-07-28T13:00:00Z,Fortaleza,CE,49193.98
00.000.009/0009-09,2025-07-28T13:30:00Z,Curitiba,PR,97209.03
00.000.010/0010-10,2025-07-28T14:00:00Z,São Paulo,SP,127892.13
00.000.011/0011-11,2025-07-28T14:30:00Z,Curitiba,PR,138191.73
00.000.012/0012-12,2025-07-28T15:00:00Z,Rio de Janeiro,RJ,22756.66
00.000.013/0013-13,2025-07-28T15:30:00Z,Salvador,BA,102684.07
00.000.014/0014-14,2025-07-28T16:00:00Z,São Paulo,SP,117032.12
00.000.015/0015-15,2025-07-28T16:30:00Z,São Paulo,SP,104740.26
00.000.016/0016-16,2025-07-28T17:00:00Z,Porto Alegre,RS,76546.08
00.000.017/0017-17,2025-07-28T17:30:00Z,Belo Horizonte,MG,27947.77
00.000.018/0018-18,2025-07-28T18:00:00Z,Salvador,BA,78129.29
00.000.019/0019-19,2025-07-28T18:30:00Z,São Paulo,SP,67991.34
00.000.020/0020-20,2025-07-28T09:00:00Z,Recife,PE,53702.29
00.000.021/0021-21,2025-07-28T09:30:00Z,Recife,PE,115403.96
00.000.022/0022-22,2025-07-28T10:00:00Z,Fortaleza,CE,186875.11
00.000.023/0023-23,2025-07-28T10:30:00Z,Belo Horizonte,MG,31822.42
00.000.024/0024-24,2025-07-28T11:00:00Z,Porto Alegre,RS,188458.1
00.000.025/0025-25,2025-07-28T11:30:00Z,Belo Horizonte,MG,57475.88
00.000.026/0026-26,2025-07-28T12:00:00Z,Curitiba,PR,90156.02
00.000.027/0027-27,2025-07-28T12:30:00Z,Porto Alegre,RS,87717.56
00.000.028/0028-28,2025-07-28T13:00:00Z,Fortaleza,CE,106318.37
00.000.029/0029-29,2025-07-28T13:30:00Z,Rio de Janeiro,RJ,70438.56
00.000.030/0030-30,2025-07-28T14:00:00Z,Salvador,BA,161867.05
00.000.031/0031-31,2025-07-28T14:30:00Z,Porto Alegre,RS,96603.26
00.000.032/0032-32,2025-07-28T15:00:00Z,Salvador,BA,78067.14
00.000.033/0033-33,2025-07-28T15:30:00Z,Salvador,BA,22317.25
00.000.034/0034-34,2025-07-28T16:00:00Z,Belo Horizonte,MG,33605.83
00.000.035/0035-35,2025-07-28T16:30:00Z,Rio de Janeiro,RJ,139363.06
00.000.036/0036-36,2025-07-28T17:00:00Z,Rio de Janeiro,RJ,183054.42
00.000.037/0037-37,2025-07-28T17:30:00Z,Rio de Janeiro,RJ,103065.18
00.000.038/0038-38,2025-07-28T18:00:00Z,Recife,PE,80356.36
00.000.039/0039-39,2025-07-28T18:30:00Z,Porto Alegre,RS,51233.64
00.000.040/0040-40,2025-07-28T09:00:00Z,Porto Alegre,RS,123933.96
00.000.041/0041-41,2025-07-28T09:30:00Z,Rio de Janeiro,RJ,190595.19
00.000.042/0042-42,2025-07-28T10:00:00Z,Belo Horizonte,MG,171766.5
00.000.043/0043-43,2025-07-28T10:30:00Z,São Paulo,SP,192616.69
00.000.044/0044-44,2025-07-28T11:00:00Z,Recife,PE,173519.97
00.000.045/0045-45,2025-07-28T11:30:00Z,Belo Horizonte,MG,162035.51
00.000.046/0046-46,2025-07-28T12:00:00Z,Salvador,BA,92887.36
00.000.047/0047-47,2025-07-28T12:30:00Z,Salvador,BA,34396.68
00.000.048/0048-48,2025-07-28T13:00:00Z,Fortaleza,CE,171941.21
00.000.049/0049-49,2025-07-28T13:30:00Z,Porto Alegre,RS,173911.55
00.000.050/0050-50,2025-07-28T14:00:00Z,Fortaleza,CE,79089.81
00.000.051/0051-51,2025-07-28T14:30:00Z,Belo Horizonte,MG,122804.27
00.000.052/0052-52,2025-07-28T15:00:00Z,Fortaleza,CE,71784.85
00.000.053/0053-53,2025-07-28T15:30:00Z,Fortaleza,CE,110912.67
00.000.054/0054-54,2025-07-28T16:00:00Z,Porto Alegre,RS,196399.08
00.000.055/0055-55,2025-07-28T16:30:00Z,Curitiba,PR,111149.25
00.000.056/0056-56,2025-07-28T17:00:00Z,São Paulo,SP,134163.35
00.000.057/0057-57,2025-07-28T17:30:00Z,Belo Horizonte,MG,110776.0
00.000.058/0058-58,2025-07-28T18:00:00Z,Salvador,BA,25180.61
00.000.059/0059-59,2025-07-28T18:30:00Z,Porto Alegre,RS,113448.15
00.000.060/0060-60,2025-07-28T09:00:00Z,São Paulo,SP,173154.56
00.000.061/0061-61,2025-07-28T09:30:00Z,Belo Horizonte,MG,22392.66
00.000.062/0062-62,2025-07-28T10:00:00Z,Curitiba,PR,120794.1
00.000.063/0063-63,2025-07-28T10:30:00Z,Porto Alegre,RS,107076.64
00.000.064/0064-64,2025-07-28T11:00:00Z,Fortaleza,CE,83510.35
00.000.065/0065-65,2025-07-28T11:30:00Z,Belo Horizonte,MG,181286.89
00.000.066/0066-66,2025-07-28T12:00:00Z,São Paulo,SP,90092.04
00.000.067/0067-67,2025-07-28T12:30:00Z,Rio de Janeiro,RJ,39393.0
00.000.068/0068-68,2025-07-28T13:00:00Z,Curitiba,PR,101276.7
00.000.069/0069-69,2025-07-28T13:30:00Z,Porto Alegre,RS,43519.8
00.000.070/0070-70,2025-07-28T14:00:00Z,Recife,PE,63796.87
00.000.071/0071-71,2025-07-28T14:30:00Z,Belo Horizonte,MG,20530.17
00.000.072/0072-72,2025-07-28T15:00:00Z,Recife,PE,113140.19
00.000.073/0073-73,2025-07-28T15:30:00Z,Curitiba,PR,159405.06
00.000.074/0074-74,2025-07-28T16:00:00Z,Recife,PE,104184.77
00.000.075/0075-75,2025-07-28T16:30:00Z,Belo Horizonte,MG,139418.7
00.000.076/0076-76,2025-07-28T17:00:00Z,São Paulo,SP,172421.93
00.000.077/0077-77,2025-07-28T17:30:00Z,Salvador,BA,45503.09
00.000.078/0078-78,2025-07-28T18:00:00Z,Recife,PE,24005.07
00.000.079/0079-79,2025-07-28T18:30:00Z,Porto Alegre,RS,101962.41
00.000.080/0080-80,2025-07-28T09:00:00Z,Rio de Janeiro,RJ,29282.61
00.000.081/0081-81,2025-07-28T09:30:00Z,Curitiba,PR,162319.21
00.000.082/0082-82,2025-07-28T10:00:00Z,Rio de Janeiro,RJ,31332.43
00.000.083/0083-83,2025-07-28T10:30:00Z,Salvador,BA,198991.04
00.000.084/0084-84,2025-07-28T11:00:00Z,Salvador,BA,88574.99
00.000.085/0085-85,2025-07-28T11:30:00Z,Fortaleza,CE,116124.62
00.000.086/0086-86,2025-07-28T12:00:00Z,Salvador,BA,87072.1
00.000.087/0087-87,2025-07-28T12:30:00Z,Salvador,BA,20213.7
00.000.088/0088-88,2025-07-28T13:00:00Z,Rio de Janeiro,RJ,171042.82
00.000.089/0089-89,2025-07-28T13:30:00Z,Rio de Janeiro,RJ,48559.21
00.000.090/0090-90,2025-07-28T14:00:00Z,Fortaleza,CE,118175.05
00.000.091/0091-91,2025-07-28T14:30:00Z,São Paulo,SP,184464.82
00.000.092/0092-92,2025-07-28T15:00:00Z,São Paulo,SP,33147.96
00.000.093/0093-93,2025-07-28T15:30:00Z,Salvador,BA,149719.19
00.000.094/0094-94,2025-07-28T16:00:00Z,Porto Alegre,RS,164016.98
00.000.095/0095-95,2025-07-28T16:30:00Z,Salvador,BA,195848.61
00.000.096/0096-96,2025-07-28T17:00:00Z,São Paulo,SP,97663.47
00.000.097/0097-97,2025-07-28T17:30:00Z,Belo Horizonte,MG,45675.9
00.000.098/0098-98,2025-07-28T18:00:00Z,Recife,PE,85942.8
00.000.099/0099-00,2025-07-28T18:30:00Z,Rio de Janeiro,RJ,157911.23
00.000.100/0100-01,2025-07-28T09:00:00Z,Fortaleza,CE,154602.64
00.000.101/0101-02,2025-07-28T09:30:00Z,Salvador,BA,63939.65
00.000.102/0102-03,2025-07-28T10:00:00Z,Porto Alegre,RS,167283.31
00.000.103/0103-04,2025-07-28T10:30:00Z,Rio de Janeiro,RJ,96945.12
00.000.104/0104-05,2025-07-28T11:00:00Z,Rio de Janeiro,RJ,109135.25
00.000.105/0105-06,2025-07-28T11:30:00Z,São Paulo,SP,108092.38
00.000.106/0106-07,2025-07-28T12:00:00Z,Salvador,BA,152499.92
00.000.107/0107-08,2025-07-28T12:30:00Z,Recife,PE,170437.04
00.000.108/0108-09,2025-07-28T13:00:00Z,Recife,PE,185534.12
00.000.109/0109-10,2025-07-28T13:30:00Z,Salvador,BA,62658.58
00.000.110/0110-11,2025-07-28T14:00:00Z,Recife,PE,102984.81
00.000.111/0111-12,2025-07-28T14:30:00Z,Fortaleza,CE,138004.99
00.000.112/0112-13,2025-07-28T15:00:00Z,Fortaleza,CE,160051.16
00.000.113/0113-14,2025-07-28T15:30:00Z,Rio de Janeiro,RJ,83714.75
00.000.114/0114-15,2025-07-28T16:00:00Z,Rio de Janeiro,RJ,50585.78
00.000.115/0115-16,2025-07-28T16:30:00Z,Curitiba,PR,139349.04
00.000.116/0116-17,2025-07-28T17:00:00Z,Porto Alegre,RS,100271.9
00.000.117/0117-18,2025-07-28T17:30:00Z,São Paulo,SP,64385.72
00.000.118/0118-19,2025-07-28T18:00:00Z,São Paulo,SP,54111.1
00.000.119/0119-20,2025-07-28T18:30:00Z,Curitiba,PR,85281.72
00.000.120/0120-21,2025-07-28T09:00:00Z,Fortaleza,CE,119869.54
00.000.121/0121-22,2025-07-28T09:30:00Z,Rio de Janeiro,RJ,49681.8
00.000.122/0122-23,2025-07-28T10:00:00Z,Salvador,BA,159486.57
00.000.123/0123-24,2025-07-28T10:30:00Z,Rio de Janeiro,RJ,190362.8
00.000.124/0124-25,2025-07-28T11:00:00Z,Salvador,BA,159588.81
00.000.125/0125-26,2025-07-28T11:30:00Z,Curitiba,PR,173719.6
00.000.126/0126-27,2025-07-28T12:00:00Z,São Paulo,SP,134992.25
00.000.127/0127-28,2025-07-28T12:30:00Z,São Paulo,SP,41456.49
00.000.128/0128-29,2025-07-28T13:00:00Z,Salvador,BA,97258.55
00.000.129/0129-30,2025-07-28T13:30:00Z,Porto Alegre,RS,102074.95
00.000.130/0130-31,2025-07-28T14:00:00Z,Fortaleza,CE,167506.84
00.000.131/0131-32,2025-07-28T14:30:00Z,Salvador,BA,128335.8
00.000.132/0132-33,2025-07-28T15:00:00Z,Porto Alegre,RS,49461.5
00.000.133/0133-34,2025-07-28T15:30:00Z,Belo Horizonte,MG,142704.92
00.000.134/0134-35,2025-07-28T16:00:00Z,Fortaleza,CE,119825.92
00.000.135/0135-36,2025-07-28T16:30:00Z,Curitiba,PR,75628.69
00.000.136/0136-37,2025-07-28T17:00:00Z,Curitiba,PR,27607.41
00.000.137/0137-38,2025-07-28T17:30:00Z,Curitiba,PR,113008.43
00.000.138/0138-39,2025-07-28T18:00:00Z,São Paulo,SP,111140.88
00.000.139/0139-40,2025-07-28T18:30:00Z,Recife,PE,152581.51
00.000.140/0140-41,2025-07-28T09:00:00Z,São Paulo,SP,174891.2
00.000.141/0141-42,2025-07-28T09:30:00Z,Salvador,BA,21413.9
00.000.142/0142-43,2025-07-28T10:00:00Z,Rio de Janeiro,RJ,182843.88
00.000.143/0143-44,2025-07-28T10:30:00Z,Rio de Janeiro,RJ,103597.36
00.000.144/0144-45,2025-07-28T11:00:00Z,Salvador,BA,70016.25
00.000.145/0145-46,2025-07-28T11:30:00Z,Rio de Janeiro,RJ,64436.79
00.000.146/0146-47,2025-07-28T12:00:00Z,São Paulo,SP,58029.13
00.000.147/0147-48,2025-07-28T12:30:00Z,Curitiba,PR,50803.75
00.000.148/0148-49,2025-07-28T13:00:00Z,Recife,PE,196749.58
00.000.149/0149-50,2025-07-28T13:30:00Z,Porto Alegre,RS,136787.42
00.000.150/0150-51,2025-07-28T14:00:00Z,São Paulo,SP,164905.46
00.000.151/0151-52,2025-07-28T14:30:00Z,Porto Alegre,RS,196664.62
00.000.152/0152-53,2025-07-28T15:00:00Z,Recife,PE,93272.81
00.000.153/0153-54,2025-07-28T15:30:00Z,Porto Alegre,RS,109767.9
00.000.154/0154-55,2025-07-28T16:00:00Z,Recife,PE,109921.48
00.000.155/0155-56,2025-07-28T16:30:00Z,Recife,PE,102178.21
00.000.156/0156-57,2025-07-28T17:00:00Z,Fortaleza,CE,191932.67
00.000.157/0157-58,2025-07-28T17:30:00Z,Porto Alegre,RS,63535.37
00.000.158/0158-59,2025-07-28T18:00:00Z,Porto Alegre,RS,154422.86
00.000.159/0159-60,2025-07-28T18:30:00Z,Salvador,BA,199727.2
00.000.160/0160-61,2025-07-28T09:00:00Z,Porto Alegre,RS,185930.8
00.000.161/0161-62,2025-07-28T09:30:00Z,Belo Horizonte,MG,114080.36
00.000.162/0162-63,2025-07-28T10:00:00Z,Belo Horizonte,MG,105869.78
00.000.163/0163-64,2025-07-28T10:30:00Z,Fortaleza,CE,145397.57
00.000.164/0164-65,2025-07-28T11:00:00Z,São Paulo,SP,77438.24
00.000.165/0165-66,2025-07-28T11:30:00Z,Curitiba,PR,29170.03
00.000.166/0166-67,2025-07-28T12:00:00Z,Fortaleza,CE,38484.43
00.000.167/0167-68,2025-07-28T12:30:00Z,Porto Alegre,RS,156188.27
00.000.168/0168-69,2025-07-28T13:00:00Z,Salvador,BA,36216.91
00.000.169/0169-70,2025-07-28T13:30:00Z,Porto Alegre,RS,27861.09
00.000.170/0170-71,2025-07-28T14:00:00Z,Salvador,BA,188255.36
00.000.171/0171-72,2025-07-28T14:30:00Z,Salvador,BA,117184.62
00.000.172/0172-73,2025-07-28T15:00:00Z,Curitiba,PR,56067.71
00.000.173/0173-74,2025-07-28T15:30:00Z,Porto Alegre,RS,65894.76
00.000.174/0174-75,2025-07-28T16:00:00Z,Porto Alegre,RS,112899.8
00.000.175/0175-76,2025-07-28T16:30:00Z,Recife,PE,108421.52
00.000.176/0176-77,2025-07-28T17:00:00Z,Belo Horizonte,MG,108739.29
00.000.177/0177-78,2025-07-28T17:30:00Z,Salvador,BA,132122.62
00.000.178/0178-79,2025-07-28T18:00:00Z,São Paulo,SP,97108.65
00.000.179/0179-80,2025-07-28T18:30:00Z,Curitiba,PR,29525.61
00.000.180/0180-81,2025-07-28T09:00:00Z,Belo Horizonte,MG,45471.62
00.000.181/0181-82,2025-07-28T09:30:00Z,Porto Alegre,RS,33498.16
00.000.182/0182-83,2025-07-28T10:00:00Z,Curitiba,PR,22395.1
00.000.183/0183-84,2025-07-28T10:30:00Z,Belo Horizonte,MG,131126.62
00.000.184/0184-85,2025-07-28T11:00:00Z,Salvador,BA,175385.55
00.000.185/0185-86,2025-07-28T11:30:00Z,Salvador,BA,39905.62
00.000.186/0186-87,2025-07-28T12:00:00Z,Recife,PE,62792.8
00.000.187/0187-88,2025-07-28T12:30:00Z,São Paulo,SP,68364.34
00.000.188/0188-89,2025-07-28T13:00:00Z,Porto Alegre,RS,38891.41
00.000.189/0189-90,2025-07-28T13:30:00Z,Rio de Janeiro,RJ,179173.32
00.000.190/0190-91,2025-07-28T14:00:00Z,São Paulo,SP,106067.78
00.000.191/0191-92,2025-07-28T14:30:00Z,Porto Alegre,RS,96776.45
00.000.192/0192-93,2025-07-28T15:00:00Z,Salvador,BA,164673.32
00.000.193/0193-94,2025-07-28T15:30:00Z,São Paulo,SP,125393.8
00.000.194/0194-95,2025-07-28T16:00:00Z,Salvador,BA,68040.56
00.000.195/0195-96,2025-07-28T16:30:00Z,Porto Alegre,RS,100989.53
00.000.196/0196-97,2025-07-28T17:00:00Z,Recife,PE,143993.7
00.000.197/0197-98,2025-07-28T17:30:00Z,Salvador,BA,63934.3
00.000.198/0198-00,2025-07-28T18:00:00Z,Rio de Janeiro,RJ,65271.47
00.000.199/0199-01,2025-07-28T18:30:00Z,Belo Horizonte,MG,162529.86
00.000.200/0200-02,2025-07-28T09:00:00Z,Fortaleza,CE,119748.46
00.000.201/0201-03,2025-07-28T09:30:00Z,Salvador,BA,176566.76
00.000.202/0202-04,2025-07-28T10:00:00Z,Porto Alegre,RS,150891.54
00.000.203/0203-05,2025-07-28T10:30:00Z,Curitiba,PR,133837.79
00.000.204/0204-06,2025-07-28T11:00:00Z,São Paulo,SP,80398.99
00.000.205/0205-07,2025-07-28T11:30:00Z,Belo Horizonte,MG,157666.28
00.000.206/0206-08,2025-07-28T12:00:00Z,São Paulo,SP,82925.6
00.000.207/0207-09,2025-07-28T12:30:00Z,Recife,PE,153837.59
00.000.208/0208-10,2025-07-28T13:00:00Z,Curitiba,PR,25107.56
00.000.209/0209-11,2025-07-28T13:30:00Z,Porto Alegre,RS,150113.8
00.000.210/0210-12,2025-07-28T14:00:00Z,Salvador,BA,158862.01
00.000.211/0211-13,2025-07-28T14:30:00Z,Belo Horizonte,MG,123437.81
00.000.212/0212-14,2025-07-28T15:00:00Z,Rio de Janeiro,RJ,176143.41
00.000.213/0213-15,2025-07-28T15:30:00Z,São Paulo,SP,180051.57
00.000.214/0214-16,2025-07-28T16:00:00Z,Curitiba,PR,135728.32
00.000.215/0215-17,2025-07-28T16:30:00Z,Fortaleza,CE,157321.41
00.000.216/0216-18,2025-07-28T17:00:00Z,Fortaleza,CE,151551.53
00.000.217/0217-19,2025-07-28T17:30:00Z,Recife,PE,80002.08
00.000.218/0218-20,2025-07-28T18:00:00Z,Porto Alegre,RS,181778.51
00.000.219/0219-21,2025-07-28T18:30:00Z,Salvador,BA,111006.69
00.000.220/0220-22,2025-07-28T09:00:00Z,Fortaleza,CE,123619.31
00.000.221/0221-23,2025-07-28T09:30:00Z,Salvador,BA,65096.22
00.000.222/0222-24,2025-07-28T10:00:00Z,Curitiba,PR,35580.28
00.000.223/0223-25,2025-07-28T10:30:00Z,São Paulo,SP,166000.31
00.000.224/0224-26,2025-07-28T11:00:00Z,Recife,PE,117962.27
00.000.225/0225-27,2025-07-28T11:30:00Z,Fortaleza,CE,167469.3
00.000.226/0226-28,2025-07-28T12:00:00Z,São Paulo,SP,158987.3
00.000.227/0227-29,2025-07-28T12:30:00Z,Porto Alegre,RS,167182.88
00.000.228/0228-30,2025-07-28T13:00:00Z,Fortaleza,CE,158875.98
00.000.229/0229-31,2025-07-28T13:30:00Z,Recife,PE,37640.72
00.000.230/0230-32,2025-07-28T14:00:00Z,Curitiba,PR,158713.54
00.000.231/0231-33,2025-07-28T14:30:00Z,Rio de Janeiro,RJ,190195.57
00.000.232/0232-34,2025-07-28T15:00:00Z,Belo Horizonte,MG,152091.21
00.000.233/0233-35,2025-07-28T15:30:00Z,Fortaleza,CE,129978.31
00.000.234/0234-36,2025-07-28T16:00:00Z,Recife,PE,39987.79
00.000.235/0235-37,2025-07-28T16:30:00Z,Curitiba,PR,101384.77
00.000.236/0236-38,2025-07-28T17:00:00Z,Recife,PE,135108.31
00.000.237/0237-39,2025-07-28T17:30:00Z,São Paulo,SP,50707.38
00.000.238/0238-40,2025-07-28T18:00:00Z,Salvador,BA,21203.14
00.000.239/0239-41,2025-07-28T18:30:00Z,Recife,PE,138756.23
00.000.240/0240-42,2025-07-28T09:00:00Z,Recife,PE,63542.98
00.000.241/0241-43,2025-07-28T09:30:00Z,Recife,PE,65796.89
00.000.242/0242-44,2025-07-28T10:00:00Z,Recife,PE,162824.58
00.000.243/0243-45,2025-07-28T10:30:00Z,Salvador,BA,82704.16
00.000.244/0244-46,2025-07-28T11:00:00Z,Salvador,BA,188852.39
00.000.245/0245-47,2025-07-28T11:30:00Z,Recife,PE,59965.06
00.000.246/0246-48,2025-07-28T12:00:00Z,Fortaleza,CE,75161.2
00.000.247/0247-49,2025-07-28T12:30:00Z,Recife,PE,133736.52
00.000.248/0248-50,2025-07-28T13:00:00Z,Salvador,BA,111429.87
00.000.249/0249-51,2025-07-28T13:30:00Z,Porto Alegre,RS,45242.05
00.000.250/0250-52,2025-07-28T14:00:00Z,Recife,PE,50607.02
00.000.251/0251-53,2025-07-28T14:30:00Z,Curitiba,PR,174359.75
00.000.252/0252-54,2025-07-28T15:00:00Z,Salvador,BA,83494.35
00.000.253/0253-55,2025-07-28T15:30:00Z,São Paulo,SP,159318.74
00.000.254/0254-56,2025-07-28T16:00:00Z,Recife,PE,161548.77
00.000.255/0255-57,2025-07-28T16:30:00Z,Recife,PE,65863.3
00.000.256/0256-58,2025-07-28T17:00:00Z,Salvador,BA,32469.1
00.000.257/0257-59,2025-07-28T17:30:00Z,Curitiba,PR,132194.71
00.000.258/0258-60,2025-07-28T18:00:00Z,Porto Alegre,RS,106255.47
00.000.259/0259-61,2025-07-28T18:30:00Z,Curitiba,PR,86137.71
00.000.260/0260-62,2025-07-28T09:00:00Z,Porto Alegre,RS,46219.05
00.000.261/0261-63,2025-07-28T09:30:00Z,Recife,PE,26914.05
00.000.262/0262-64,2025-07-28T10:00:00Z,Salvador,BA,47677.53
00.000.263/0263-65,2025-07-28T10:30:00Z,Fortaleza,CE,28379.48
00.000.264/0264-66,2025-07-28T11:00:00Z,Rio de Janeiro,RJ,139013.75
00.000.265/0265-67,2025-07-28T11:30:00Z,Recife,PE,33334.84
00.000.266/0266-68,2025-07-28T12:00:00Z,Salvador,BA,132478.67
00.000.267/0267-69,2025-07-28T12:30:00Z,Fortaleza,CE,199531.26
00.000.268/0268-70,2025-07-28T13:00:00Z,São Paulo,SP,102500.49
00.000.269/0269-71,2025-07-28T13:30:00Z,Salvador,BA,114201.47
00.000.270/0270-72,2025-07-28T14:00:00Z,Belo Horizonte,MG,80254.44
00.000.271/0271-73,2025-07-28T14:30:00Z,Fortaleza,CE,100444.61
00.000.272/0272-74,2025-07-28T15:00:00Z,Curitiba,PR,124541.47
00.000.273/0273-75,2025-07-28T15:30:00Z,São Paulo,SP,41303.72
00.000.274/0274-76,2025-07-28T16:00:00Z,Rio de Janeiro,RJ,196776.05
00.000.275/0275-77,2025-07-28T16:30:00Z,Porto Alegre,RS,92331.06
00.000.276/0276-78,2025-07-28T17:00:00Z,Fortaleza,CE,45585.35
00.000.277/0277-79,2025-07-28T17:30:00Z,Salvador,BA,128089.16
00.000.278/0278-80,2025-07-28T18:00:00Z,Porto Alegre,RS,33769.7
00.000.279/0279-81,2025-07-28T18:30:00Z,Belo Horizonte,MG,42565.22
00.000.280/0280-82,2025-07-28T09:00:00Z,Porto Alegre,RS,120508.77
00.000.281/0281-83,2025-07-28T09:30:00Z,Curitiba,PR,22096.35
00.000.282/0282-84,2025-07-28T10:00:00Z,Recife,PE,92035.39
00.000.283/0283-85,2025-07-28T10:30:00Z,Recife,PE,194138.21
00.000.284/0284-86,2025-07-28T11:00:00Z,São Paulo,SP,78265.97
00.000.285/0285-87,2025-07-28T11:30:00Z,São Paulo,SP,130822.97
00.000.286/0286-88,2025-07-28T12:00:00Z,Rio de Janeiro,RJ,166799.11
00.000.287/0287-89,2025-07-28T12:30:00Z,Curitiba,PR,145371.59
00.000.288/0288-90,2025-07-28T13:00:00Z,Rio de Janeiro,RJ,172489.44
00.000.289/0289-91,2025-07-28T13:30:00Z,Salvador,BA,86724.68
00.000.290/0290-92,2025-07-28T14:00:00Z,Belo Horizonte,MG,90554.28
00.000.291/0291-93,2025-07-28T14:30:00Z,Belo Horizonte,MG,59371.28
00.000.292/0292-94,2025-07-28T15:00:00Z,Porto Alegre,RS,43601.62
00.000.293/0293-95,2025-07-28T15:30:00Z,São Paulo,SP,21644.45
00.000.294/0294-96,2025-07-28T16:00:00Z,Fortaleza,CE,108535.69
00.000.295/0295-97,2025-07-28T16:30:00Z,Recife,PE,69340.08
00.000.296/0296-98,2025-07-28T17:00:00Z,São Paulo,SP,21172.0
00.000.297/0297-00,2025-07-28T17:30:00Z,Rio de Janeiro,RJ,25178.59
00.000.298/0298-01,2025-07-28T18:00:00Z,Porto Alegre,RS,69071.29
00.000.299/0299-02,2025-07-28T18:30:00Z,Porto Alegre,RS,194009.86
00.000.300/0300-03,2025-07-28T09:00:00Z,Rio de Janeiro,RJ,94826.9
00.000.301/0301-04,2025-07-28T09:30:00Z,Recife,PE,112845.96
00.000.302/0302-05,2025-07-28T10:00:00Z,Curitiba,PR,127190.57
00.000.303/0303-06,2025-07-28T10:30:00Z,Salvador,BA,40352.71
00.000.304/0304-07,2025-07-28T11:00:00Z,Belo Horizonte,MG,172786.36
00.000.305/0305-08,2025-07-28T11:30:00Z,Fortaleza,CE,133088.65
00.000.306/0306-09,2025-07-28T12:00:00Z,Rio de Janeiro,RJ,79395.53
00.000.307/0307-10,2025-07-28T12:30:00Z,Curitiba,PR,82117.18
00.000.308/0308-11,2025-07-28T13:00:00Z,Belo Horizonte,MG,162847.01
00.000.309/0309-12,2025-07-28T13:30:00Z,Recife,PE,75167.04
00.000.310/0310-13,2025-07-28T14:00:00Z,Recife,PE,184682.38
00.000.311/0311-14,2025-07-28T14:30:00Z,Rio de Janeiro,RJ,163984.09
00.000.312/0312-15,2025-07-28T15:00:00Z,Curitiba,PR,26054.42
00.000.313/0313-16,2025-07-28T15:30:00Z,Curitiba,PR,43723.13
00.000.314/0314-17,2025-07-28T16:00:00Z,Rio de Janeiro,RJ,119308.44
00.000.315/0315-18,2025-07-28T16:30:00Z,Rio de Janeiro,RJ,155353.9
00.000.316/0316-19,2025-07-28T17:00:00Z,Fortaleza,CE,65986.88
00.000.317/0317-20,2025-07-28T17:30:00Z,São Paulo,SP,165003.81
00.000.318/0318-21,2025-07-28T18:00:00Z,Salvador,BA,46678.26
00.000.319/0319-22,2025-07-28T18:30:00Z,Salvador,BA,108208.07
00.000.320/0320-23,2025-07-28T09:00:00Z,Porto Alegre,RS,122965.15
00.000.321/0321-24,2025-07-28T09:30:00Z,Belo Horizonte,MG,49978.03
00.000.322/0322-25,2025-07-28T10:00:00Z,Rio de Janeiro,RJ,180796.92
00.000.323/0323-26,2025-07-28T10:30:00Z,Fortaleza,CE,88598.98
00.000.324/0324-27,2025-07-28T11:00:00Z,Belo Horizonte,MG,82124.65
00.000.325/0325-28,2025-07-28T11:30:00Z,Rio de Janeiro,RJ,50481.55
00.000.326/0326-29,2025-07-28T12:00:00Z,Salvador,BA,143897.62
00.000.327/0327-30,2025-07-28T12:30:00Z,Salvador,BA,62136.13
00.000.328/0328-31,2025-07-28T13:00:00Z,São Paulo,SP,98590.67
00.000.329/0329-32,2025-07-28T13:30:00Z,Salvador,BA,113424.82
00.000.330/0330-33,2025-07-28T14:00:00Z,Salvador,BA,144402.39
00.000.331/0331-34,2025-07-28T14:30:00Z,São Paulo,SP,51987.58
00.000.332/0332-35,2025-07-28T15:00:00Z,Rio de Janeiro,RJ,28932.15
00.000.333/0333-36,2025-07-28T15:30:00Z,Porto Alegre,RS,140489.11
00.000.334/0334-37,2025-07-28T16:00:00Z,São Paulo,SP,60450.58
00.000.335/0335-38,2025-07-28T16:30:00Z,Recife,PE,193054.31
00.000.336/0336-39,2025-07-28T17:00:00Z,Curitiba,PR,71872.16
00.000.337/0337-40,2025-07-28T17:30:00Z,Fortaleza,CE,72429.83
00.000.338/0338-41,2025-07-28T18:00:00Z,Belo Horizonte,MG,60859.48
00.000.339/0339-42,2025-07-28T18:30:00Z,Porto Alegre,RS,113530.8
00.000.340/0340-43,2025-07-28T09:00:00Z,Curitiba,PR,87177.75
00.000.341/0341-44,2025-07-28T09:30:00Z,Curitiba,PR,167702.85
00.000.342/0342-45,2025-07-28T10:00:00Z,Fortaleza,CE,174838.01
00.000.343/0343-46,2025-07-28T10:30:00Z,Fortaleza,CE,37059.14
00.000.344/0344-47,2025-07-28T11:00:00Z,Fortaleza,CE,54914.45
00.000.345/0345-48,2025-07-28T11:30:00Z,Belo Horizonte,MG,110256.64
00.000.346/0346-49,2025-07-28T12:00:00Z,Recife,PE,49520.85
00.000.347/0347-50,2025-07-28T12:30:00Z,Rio de Janeiro,RJ,160361.41
00.000.348/0348-51,2025-07-28T13:00:00Z,Salvador,BA,113544.64
00.000.349/0349-52,2025-07-28T13:30:00Z,Belo Horizonte,MG,180950.04
00.000.350/0350-53,2025-07-28T14:00:00Z,Belo Horizonte,MG,111156.33
00.000.351/0351-54,2025-07-28T14:30:00Z,Porto Alegre,RS,139315.13
00.000.352/0352-55,2025-07-28T15:00:00Z,São Paulo,SP,139181.27
00.000.353/0353-56,2025-07-28T15:30:00Z,Porto Alegre,RS,94624.78
00.000.354/0354-57,2025-07-28T16:00:00Z,Porto Alegre,RS,50563.62
00.000.355/0355-58,2025-07-28T16:30:00Z,Fortaleza,CE,191527.13
00.000.356/0356-59,2025-07-28T17:00:00Z,Fortaleza,CE,32398.57
00.000.357/0357-60,2025-07-28T17:30:00Z,Recife,PE,75284.45
00.000.358/0358-61,2025-07-28T18:00:00Z,Salvador,BA,103279.37
00.000.359/0359-62,2025-07-28T18:30:00Z,Recife,PE,94248.27
00.000.360/0360-63,2025-07-28T09:00:00Z,Salvador,BA,198147.43
00.000.361/0361-64,2025-07-28T09:30:00Z,Rio de Janeiro,RJ,199875.34
00.000.362/0362-65,2025-07-28T10:00:00Z,Fortaleza,CE,28757.63
00.000.363/0363-66,2025-07-28T10:30:00Z,São Paulo,SP,37606.86
00.000.364/0364-67,2025-07-28T11:00:00Z,Fortaleza,CE,95685.35
00.000.365/0365-68,2025-07-28T11:30:00Z,Porto Alegre,RS,190448.11
00.000.366/0366-69,2025-07-28T12:00:00Z,Recife,PE,169533.7
00.000.367/0367-70,2025-07-28T12:30:00Z,Belo Horizonte,MG,23957.67
00.000.368/0368-71,2025-07-28T13:00:00Z,Recife,PE,188729.44
00.000.369/0369-72,2025-07-28T13:30:00Z,Rio de Janeiro,RJ,39144.9
00.000.370/0370-73,2025-07-28T14:00:00Z,Salvador,BA,106455.05
00.000.371/0371-74,2025-07-28T14:30:00Z,Curitiba,PR,172802.59
00.000.372/0372-75,2025-07-28T15:00:00Z,São Paulo,SP,194868.33
00.000.373/0373-76,2025-07-28T15:30:00Z,Recife,PE,70915.62
00.000.374/0374-77,2025-07-28T16:00:00Z,Curitiba,PR,128253.5
00.000.375/0375-78,2025-07-28T16:30:00Z,Porto Alegre,RS,104449.04
00.000.376/0376-79,2025-07-28T17:00:00Z,Salvador,BA,142804.63
00.000.377/0377-80,2025-07-28T17:30:00Z,Porto Alegre,RS,134388.32
00.000.378/0378-81,2025-07-28T18:00:00Z,Fortaleza,CE,95861.07
00.000.379/0379-82,2025-07-28T18:30:00Z,Fortaleza,CE,23196.04
00.000.380/0380-83,2025-07-28T09:00:00Z,Fortaleza,CE,64722.5
00.000.381/0381-84,2025-07-28T09:30:00Z,Porto Alegre,RS,75514.21
00.000.382/0382-85,2025-07-28T10:00:00Z,Curitiba,PR,198553.9
00.000.383/0383-86,2025-07-28T10:30:00Z,Porto Alegre,RS,100967.57
00.000.384/0384-87,2025-07-28T11:00:00Z,Porto Alegre,RS,39189.06
00.000.385/0385-88,2025-07-28T11:30:00Z,Curitiba,PR,74928.46
00.000.386/0386-89,2025-07-28T12:00:00Z,Rio de Janeiro,RJ,196112.47
00.000.387/0387-90,2025-07-28T12:30:00Z,Curitiba,PR,53406.45
00.000.388/0388-91,2025-07-28T13:00:00Z,São Paulo,SP,21990.0
00.000.389/0389-92,2025-07-28T13:30:00Z,Salvador,BA,24090.74
00.000.390/0390-93,2025-07-28T14:00:00Z,Belo Horizonte,MG,119411.77
00.000.391/0391-94,2025-07-28T14:30:00Z,Porto Alegre,RS,177365.4
00.000.392/0392-95,2025-07-28T15:00:00Z,Recife,PE,139176.51
00.000.393/0393-96,2025-07-28T15:30:00Z,Belo Horizonte,MG,55706.23
00.000.394/0394-97,2025-07-28T16:00:00Z,Salvador,BA,94676.82
00.000.395/0395-98,2025-07-28T16:30:00Z,Salvador,BA,135498.4
00.000.396/0396-00,2025-07-28T17:00:00Z,Curitiba,PR,171977.25
00.000.397/0397-01,2025-07-28T17:30:00Z,Curitiba,PR,117747.0
00.000.398/0398-02,2025-07-28T18:00:00Z,São Paulo,SP,34842.37
00.000.399/0399-03,2025-07-28T18:30:00Z,São Paulo,SP,139477.51
00.000.400/0400-04,2025-07-28T09:00:00Z,Fortaleza,CE,190762.23
00.000.401/0401-05,2025-07-28T09:30:00Z,Belo Horizonte,MG,127624.21
00.000.402/0402-06,2025-07-28T10:00:00Z,Belo Horizonte,MG,62227.07
00.000.403/0403-07,2025-07-28T10:30:00Z,Curitiba,PR,79599.06
00.000.404/0404-08,2025-07-28T11:00:00Z,Curitiba,PR,135944.82
00.000.405/0405-09,2025-07-28T11:30:00Z,Belo Horizonte,MG,84923.11
00.000.406/0406-10,2025-07-28T12:00:00Z,Curitiba,PR,33344.71
00.000.407/0407-11,2025-07-28T12:30:00Z,São Paulo,SP,109393.73
00.000.408/0408-12,2025-07-28T13:00:00Z,Curitiba,PR,154848.39
00.000.409/0409-13,2025-07-28T13:30:00Z,Salvador,BA,23493.24
00.000.410/0410-14,2025-07-28T14:00:00Z,Rio de Janeiro,RJ,47005.03
00.000.411/0411-15,2025-07-28T14:30:00Z,Fortaleza,CE,33889.17
00.000.412/0412-16,2025-07-28T15:00:00Z,Salvador,BA,49508.45
00.000.413/0413-17,2025-07-28T15:30:00Z,Recife,PE,198605.69
00.000.414/0414-18,2025-07-28T16:00:00Z,Porto Alegre,RS,126938.63
00.000.415/0415-19,2025-07-28T16:30:00Z,Porto Alegre,RS,190485.42
00.000.416/0416-20,2025-07-28T17:00:00Z,Fortaleza,CE,63820.01
00.000.417/0417-21,2025-07-28T17:30:00Z,Recife,PE,101281.61
00.000.418/0418-22,2025-07-28T18:00:00Z,Rio de Janeiro,RJ,24770.38
00.000.419/0419-23,2025-07-28T18:30:00Z,Salvador,BA,99880.69
00.000.420/0420-24,2025-07-28T09:00:00Z,Porto Alegre,RS,180073.18
00.000.421/0421-25,2025-07-28T09:30:00Z,Recife,PE,165191.72
00.000.422/0422-26,2025-07-28T10:00:00Z,Recife,PE,197499.92
00.000.423/0423-27,2025-07-28T10:30:00Z,São Paulo,SP,52002.06
00.000.424/0424-28,2025-07-28T11:00:00Z,Salvador,BA,63220.45
00.000.425/0425-29,2025-07-28T11:30:00Z,Belo Horizonte,MG,189678.62
00.000.426/0426-30,2025-07-28T12:00:00Z,Belo Horizonte,MG,177616.39
00.000.427/0427-31,2025-07-28T12:30:00Z,Belo Horizonte,MG,52839.67
00.000.428/0428-32,2025-07-28T13:00:00Z,Recife,PE,150567.51
00.000.429/0429-33,2025-07-28T13:30:00Z,Rio de Janeiro,RJ,65597.38
00.000.430/0430-34,2025-07-28T14:00:00Z,Curitiba,PR,35200.91
00.000.431/0431-35,2025-07-28T14:30:00Z,Salvador,BA,85234.06
00.000.432/0432-36,2025-07-28T15:00:00Z,Salvador,BA,119830.59
00.000.433/0433-37,2025-07-28T15:30:00Z,Porto Alegre,RS,129690.83
00.000.434/0434-38,2025-07-28T16:00:00Z,Salvador,BA,119868.82
00.000.435/0435-39,2025-07-28T16:30:00Z,Salvador,BA,96372.7
00.000.436/0436-40,2025-07-28T17:00:00Z,Belo Horizonte,MG,181965.38
00.000.437/0437-41,2025-07-28T17:30:00Z,Recife,PE,188035.71
00.000.438/0438-42,2025-07-28T18:00:00Z,Porto Alegre,RS,108564.06
00.000.439/0439-43,2025-07-28T18:30:00Z,Curitiba,PR,191139.28
00.000.440/0440-44,2025-07-28T09:00:00Z,São Paulo,SP,145618.91
00.000.441/0441-45,2025-07-28T09:30:00Z,Fortaleza,CE,194978.81
00.000.442/0442-46,2025-07-28T10:00:00Z,Belo Horizonte,MG,114029.34
00.000.443/0443-47,2025-07-28T10:30:00Z,Fortaleza,CE,118891.66
00.000.444/0444-48,2025-07-28T11:00:00Z,Fortaleza,CE,101497.64
00.000.445/0445-49,2025-07-28T11:30:00Z,São Paulo,SP,82300.57
00.000.446/0446-50,2025-07-28T12:00:00Z,Salvador,BA,46133.63
00.000.447/0447-51,2025-07-28T12:30:00Z,São Paulo,SP,26983.25
00.000.448/0448-52,2025-07-28T13:00:00Z,Porto Alegre,RS,177569.8
00.000.449/0449-53,2025-07-28T13:30:00Z,Rio de Janeiro,RJ,139628.27
00.000.450/0450-54,2025-07-28T14:00:00Z,Rio de Janeiro,RJ,90029.67
00.000.451/0451-55,2025-07-28T14:30:00Z,Fortaleza,CE,166708.75
00.000.452/0452-56,2025-07-28T15:00:00Z,Belo Horizonte,MG,80021.75
00.000.453/0453-57,2025-07-28T15:30:00Z,Porto Alegre,RS,87961.5
00.000.454/0454-58,2025-07-28T16:00:00Z,Belo Horizonte,MG,49826.46
00.000.455/0455-59,2025-07-28T16:30:00Z,Recife,PE,166665.75
00.000.456/0456-60,2025-07-28T17:00:00Z,Salvador,BA,50125.32
00.000.457/0457-61,2025-07-28T17:30:00Z,Salvador,BA,93873.42
00.000.458/0458-62,2025-07-28T18:00:00Z,São Paulo,SP,40397.12
00.000.459/0459-63,2025-07-28T18:30:00Z,Fortaleza,CE,92669.82
00.000.460/0460-64,2025-07-28T09:00:00Z,Porto Alegre,RS,51186.55
00.000.461/0461-65,2025-07-28T09:30:00Z,Curitiba,PR,165634.82
00.000.462/0462-66,2025-07-28T10:00:00Z,Belo Horizonte,MG,69629.13
00.000.463/0463-67,2025-07-28T10:30:00Z,Fortaleza,CE,28783.05
00.000.464/0464-68,2025-07-28T11:00:00Z,Recife,PE,182066.96
00.000.465/0465-69,2025-07-28T11:30:00Z,Fortaleza,CE,78525.1
00.000.466/0466-70,2025-07-28T12:00:00Z,São Paulo,SP,190894.23
00.000.467/0467-71,2025-07-28T12:30:00Z,Recife,PE,108605.86
00.000.468/0468-72,2025-07-28T13:00:00Z,Curitiba,PR,36811.42
00.000.469/0469-73,2025-07-28T13:30:00Z,Recife,PE,153776.1
00.000.470/0470-74,2025-07-28T14:00:00Z,Curitiba,PR,180278.99
00.000.471/0471-75,2025-07-28T14:30:00Z,Salvador,BA,25202.33
00.000.472/0472-76,2025-07-28T15:00:00Z,Curitiba,PR,58950.06
00.000.473/0473-77,2025-07-28T15:30:00Z,Fortaleza,CE,47952.38
00.000.474/0474-78,2025-07-28T16:00:00Z,São Paulo,SP,82096.79
00.000.475/0475-79,2025-07-28T16:30:00Z,Recife,PE,154682.84
00.000.476/0476-80,2025-07-28T17:00:00Z,Rio de Janeiro,RJ,44796.16
00.000.477/0477-81,2025-07-28T17:30:00Z,Rio de Janeiro,RJ,199888.15
00.000.478/0478-82,2025-07-28T18:00:00Z,Belo Horizonte,MG,149058.96
00.000.479/0479-83,2025-07-28T18:30:00Z,Curitiba,PR,194959.55
00.000.480/0480-84,2025-07-28T09:00:00Z,Fortaleza,CE,106269.22
00.000.481/0481-85,2025-07-28T09:30:00Z,São Paulo,SP,41184.19
00.000.482/0482-86,2025-07-28T10:00:00Z,Curitiba,PR,99348.0
00.000.483/0483-87,2025-07-28T10:30:00Z,Rio de Janeiro,RJ,192953.53
00.000.484/0484-88,2025-07-28T11:00:00Z,Rio de Janeiro,RJ,89382.01
00.000.485/0485-89,2025-07-28T11:30:00Z,Curitiba,PR,189116.3
00.000.486/0486-90,2025-07-28T12:00:00Z,Porto Alegre,RS,23653.42
00.000.487/0487-91,2025-07-28T12:30:00Z,Curitiba,PR,165087.18
00.000.488/0488-92,2025-07-28T13:00:00Z,Rio de Janeiro,RJ,68412.8
00.000.489/0489-93,2025-07-28T13:30:00Z,Fortaleza,CE,96401.6
00.000.490/0490-94,2025-07-28T14:00:00Z,Porto Alegre,RS,155457.97
00.000.491/0491-95,2025-07-28T14:30:00Z,Salvador,BA,197182.75
00.000.492/0492-96,2025-07-28T15:00:00Z,São Paulo,SP,57118.2
00.000.493/0493-97,2025-07-28T15:30:00Z,Recife,PE,68629.12
00.000.494/0494-98,2025-07-28T16:00:00Z,São Paulo,SP,21212.76
00.000.495/0495-00,2025-07-28T16:30:00Z,Curitiba,PR,110207.48
00.000.496/0496-01,2025-07-28T17:00:00Z,Recife,PE,119423.73
00.000.497/0497-02,2025-07-28T17:30:00Z,Porto Alegre,RS,60643.78
00.000.498/0498-03,2025-07-28T18:00:00Z,São Paulo,SP,31624.46
00.000.499/0499-04,2025-07-28T18:30:00Z,São Paulo,SP,146229.11
00.000.500/0500-05,2025-07-28T09:00:00Z,Rio de Janeiro,RJ,118758.41
00.000.501/0501-06,2025-07-28T09:30:00Z,Fortaleza,CE,138203.5
00.000.502/0502-07,2025-07-28T10:00:00Z,Belo Horizonte,MG,185083.96
00.000.503/0503-08,2025-07-28T10:30:00Z,Fortaleza,CE,95333.88
00.000.504/0504-09,2025-07-28T11:00:00Z,Belo Horizonte,MG,84876.15
00.000.505/0505-10,2025-07-28T11:30:00Z,São Paulo,SP,184592.41
00.000.506/0506-11,2025-07-28T12:00:00Z,Recife,PE,41856.5
00.000.507/0507-12,2025-07-28T12:30:00Z,Porto Alegre,RS,59436.52
00.000.508/0508-13,2025-07-28T13:00:00Z,São Paulo,SP,85344.32
00.000.509/0509-14,2025-07-28T13:30:00Z,Recife,PE,147213.12
00.000.510/0510-15,2025-07-28T14:00:00Z,Belo Horizonte,MG,188170.4
00.000.511/0511-16,2025-07-28T14:30:00Z,Fortaleza,CE,186746.93
00.000.512/0512-17,2025-07-28T15:00:00Z,Porto Alegre,RS,101921.53
00.000.513/0513-18,2025-07-28T15:30:00Z,Curitiba,PR,120404.63
00.000.514/0514-19,2025-07-28T16:00:00Z,São Paulo,SP,82047.68
00.000.515/0515-20,2025-07-28T16:30:00Z,Salvador,BA,100017.4
00.000.516/0516-21,2025-07-28T17:00:00Z,São Paulo,SP,26656.1
00.000.517/0517-22,2025-07-28T17:30:00Z,Recife,PE,146264.19
00.000.518/0518-23,2025-07-28T18:00:00Z,Belo Horizonte,MG,94636.32
00.000.519/0519-24,2025-07-28T18:30:00Z,Recife,PE,166010.57
00.000.520/0520-25,2025-07-28T09:00:00Z,Fortaleza,CE,186870.36
00.000.521/0521-26,2025-07-28T09:30:00Z,Belo Horizonte,MG,51542.23
00.000.522/0522-27,2025-07-28T10:00:00Z,Rio de Janeiro,RJ,153414.82
00.000.523/0523-28,2025-07-28T10:30:00Z,Recife,PE,196731.55
00.000.524/0524-29,2025-07-28T11:00:00Z,Curitiba,PR,63358.07
00.000.525/0525-30,2025-07-28T11:30:00Z,Salvador,BA,40352.5
00.000.526/0526-31,2025-07-28T12:00:00Z,Recife,PE,50277.6
00.000.527/0527-32,2025-07-28T12:30:00Z,Recife,PE,170836.14
00.000.528/0528-33,2025-07-28T13:00:00Z,Recife,PE,142165.25
00.000.529/0529-34,2025-07-28T13:30:00Z,Rio de Janeiro,RJ,163892.47
00.000.530/0530-35,2025-07-28T14:00:00Z,Curitiba,PR,193259.6
00.000.531/0531-36,2025-07-28T14:30:00Z,Rio de Janeiro,RJ,68314.92
00.000.532/0532-37,2025-07-28T15:00:00Z,São Paulo,SP,98748.14
00.000.533/0533-38,2025-07-28T15:30:00Z,Porto Alegre,RS,133360.8
00.000.534/0534-39,2025-07-28T16:00:00Z,Rio de Janeiro,RJ,99830.54
00.000.535/0535-40,2025-07-28T16:30:00Z,Porto Alegre,RS,30130.52
00.000.536/0536-41,2025-07-28T17:00:00Z,São Paulo,SP,76144.13
00.000.537/0537-42,2025-07-28T17:30:00Z,São Paulo,SP,98091.57
00.000.538/0538-43,2025-07-28T18:00:00Z,Belo Horizonte,MG,50418.54
00.000.539/0539-44,2025-07-28T18:30:00Z,Porto Alegre,RS,53401.67
00.000.540/0540-45,2025-07-28T09:00:00Z,Porto Alegre,RS,172460.68
00.000.541/0541-46,2025-07-28T09:30:00Z,Salvador,BA,191452.65
00.000.542/0542-47,2025-07-28T10:00:00Z,Fortaleza,CE,149058.6
00.000.543/0543-48,2025-07-28T10:30:00Z,Fortaleza,CE,133766.1
00.000.544/0544-49,2025-07-28T11:00:00Z,Fortaleza,CE,48400.11
00.000.545/0545-50,2025-07-28T11:30:00Z,Recife,PE,118469.11
00.000.546/0546-51,2025-07-28T12:00:00Z,Fortaleza,CE,199365.78
00.000.547/0547-52,2025-07-28T12:30:00Z,Salvador,BA,188496.78
00.000.548/0548-53,2025-07-28T13:00:00Z,Rio de Janeiro,RJ,59153.16
00.000.549/0549-54,2025-07-28T13:30:00Z,Rio de Janeiro,RJ,169127.9
00.000.550/0550-55,2025-07-28T14:00:00Z,Fortaleza,CE,110222.11
00.000.551/0551-56,2025-07-28T14:30:00Z,Curitiba,PR,62056.59
00.000.552/0552-57,2025-07-28T15:00:00Z,Rio de Janeiro,RJ,28913.75
00.000.553/0553-58,2025-07-28T15:30:00Z,São Paulo,SP,133996.13
00.000.554/0554-59,2025-07-28T16:00:00Z,São Paulo,SP,119087.27
00.000.555/0555-60,2025-07-28T16:30:00Z,Recife,PE,49129.07
00.000.556/0556-61,2025-07-28T17:00:00Z,Salvador,BA,56213.52
00.000.557/0557-62,2025-07-28T17:30:00Z,Curitiba,PR,151971.19
00.000.558/0558-63,2025-07-28T18:00:00Z,Fortaleza,CE,37827.94
00.000.559/0559-64,2025-07-28T18:30:00Z,Curitiba,PR,98939.7
00.000.560/0560-65,2025-07-28T09:00:00Z,Recife,PE,61295.21
00.000.561/0561-66,2025-07-28T09:30:00Z,Fortaleza,CE,153778.08
00.000.562/0562-67,2025-07-28T10:00:00Z,Salvador,BA,85360.25
00.000.563/0563-68,2025-07-28T10:30:00Z,Salvador,BA,195582.64
00.000.564/0564-69,2025-07-28T11:00:00Z,Fortaleza,CE,112732.22
00.000.565/0565-70,2025-07-28T11:30:00Z,Porto Alegre,RS,188678.76
00.000.566/0566-71,2025-07-28T12:00:00Z,Rio de Janeiro,RJ,165737.47
00.000.567/0567-72,2025-07-28T12:30:00Z,Recife,PE,68822.67
00.000.568/0568-73,2025-07-28T13:00:00Z,Salvador,BA,135997.39
00.000.569/0569-74,2025-07-28T13:30:00Z,Belo Horizonte,MG,32509.5
00.000.570/0570-75,2025-07-28T14:00:00Z,Porto Alegre,RS,163293.83
00.000.571/0571-76,2025-07-28T14:30:00Z,Rio de Janeiro,RJ,81739.21
00.000.572/0572-77,2025-07-28T15:00:00Z,Salvador,BA,146778.34
00.000.573/0573-78,2025-07-28T15:30:00Z,São Paulo,SP,158855.7
00.000.574/0574-79,2025-07-28T16:00:00Z,Curitiba,PR,194079.67
00.000.575/0575-80,2025-07-28T16:30:00Z,Rio de Janeiro,RJ,92476.24
00.000.576/0576-81,2025-07-28T17:00:00Z,Rio de Janeiro,RJ,121719.23
00.000.577/0577-82,2025-07-28T17:30:00Z,Salvador,BA,86962.16
00.000.578/0578-83,2025-07-28T18:00:00Z,Recife,PE,80112.12
00.000.579/0579-84,2025-07-28T18:30:00Z,Porto Alegre,RS,102095.84
00.000.580/0580-85,2025-07-28T09:00:00Z,Curitiba,PR,108774.76
00.000.581/0581-86,2025-07-28T09:30:00Z,Recife,PE,31019.91
00.000.582/0582-87,2025-07-28T10:00:00Z,Porto Alegre,RS,55444.86
00.000.583/0583-88,2025-07-28T10:30:00Z,Belo Horizonte,MG,150743.89
00.000.584/0584-89,2025-07-28T11:00:00Z,Rio de Janeiro,RJ,116522.49
00.000.585/0585-90,2025-07-28T11:30:00Z,Belo Horizonte,MG,66640.58
00.000.586/0586-91,2025-07-28T12:00:00Z,Fortaleza,CE,159397.81
00.000.587/0587-92,2025-07-28T12:30:00Z,Curitiba,PR,146856.51
00.000.588/0588-93,2025-07-28T13:00:00Z,São Paulo,SP,41964.97
00.000.589/0589-94,2025-07-28T13:30:00Z,Porto Alegre,RS,175589.08
00.000.590/0590-95,2025-07-28T14:00:00Z,Salvador,BA,183265.41
00.000.591/0591-96,2025-07-28T14:30:00Z,São Paulo,SP,129948.91
00.000.592/0592-97,2025-07-28T15:00:00Z,Belo Horizonte,MG,23843.38
00.000.593/0593-98,2025-07-28T15:30:00Z,Belo Horizonte,MG,114646.2
00.000.594/0594-00,2025-07-28T16:00:00Z,Belo Horizonte,MG,50610.84
00.000.595/0595-01,2025-07-28T16:30:00Z,Salvador,BA,88794.73
00.000.596/0596-02,2025-07-28T17:00:00Z,Curitiba,PR,190425.48
00.000.597/0597-03,2025-07-28T17:30:00Z,Fortaleza,CE,167988.92
00.000.598/0598-04,2025-07-28T18:00:00Z,Recife,PE,45276.98
00.000.599/0599-05,2025-07-28T18:30:00Z,São Paulo,SP,136228.76
00.000.600/0600-06,2025-07-28T09:00:00Z,São Paulo,SP,21027.49
00.000.601/0601-07,2025-07-28T09:30:00Z,Curitiba,PR,70832.49
00.000.602/0602-08,2025-07-28T10:00:00Z,Curitiba,PR,163576.18
00.000.603/0603-09,2025-07-28T10:30:00Z,Rio de Janeiro,RJ,192293.68
00.000.604/0604-10,2025-07-28T11:00:00Z,Porto Alegre,RS,77280.54
00.000.605/0605-11,2025-07-28T11:30:00Z,Rio de Janeiro,RJ,138127.27
00.000.606/0606-12,2025-07-28T12:00:00Z,Belo Horizonte,MG,142797.69
00.000.607/0607-13,2025-07-28T12:30:00Z,São Paulo,SP,199382.32
00.000.608/0608-14,2025-07-28T13:00:00Z,Curitiba,PR,152087.47
00.000.609/0609-15,2025-07-28T13:30:00Z,Rio de Janeiro,RJ,156524.5
00.000.610/0610-16,2025-07-28T14:00:00Z,Porto Alegre,RS,120933.42
00.000.611/0611-17,2025-07-28T14:30:00Z,Porto Alegre,RS,56330.85
00.000.612/0612-18,2025-07-28T15:00:00Z,Porto Alegre,RS,136374.29
00.000.613/0613-19,2025-07-28T15:30:00Z,Fortaleza,CE,81161.05
00.000.614/0614-20,2025-07-28T16:00:00Z,Rio de Janeiro,RJ,69241.94
00.000.615/0615-21,2025-07-28T16:30:00Z,Curitiba,PR,176447.07
00.000.616/0616-22,2025-07-28T17:00:00Z,Fortaleza,CE,56965.7
00.000.617/0617-23,2025-07-28T17:30:00Z,Salvador,BA,173123.82
00.000.618/0618-24,2025-07-28T18:00:00Z,Curitiba,PR,39415.96
00.000.619/0619-25,2025-07-28T18:30:00Z,Porto Alegre,RS,70246.83
00.000.620/0620-26,2025-07-28T09:00:00Z,Curitiba,PR,54552.52
00.000.621/0621-27,2025-07-28T09:30:00Z,Curitiba,PR,138102.8
00.000.622/0622-28,2025-07-28T10:00:00Z,Salvador,BA,62254.6
00.000.623/0623-29,2025-07-28T10:30:00Z,Porto Alegre,RS,178887.11
00.000.624/0624-30,2025-07-28T11:00:00Z,Salvador,BA,161979.91
00.000.625/0625-31,2025-07-28T11:30:00Z,São Paulo,SP,132649.34
00.000.626/0626-32,2025-07-28T12:00:00Z,Rio de Janeiro,RJ,149518.52
00.000.627/0627-33,2025-07-28T12:30:00Z,Belo Horizonte,MG,58835.41
00.000.628/0628-34,2025-07-28T13:00:00Z,Salvador,BA,195090.69
00.000.629/0629-35,2025-07-28T13:30:00Z,Fortaleza,CE,33437.21
00.000.630/0630-36,2025-07-28T14:00:00Z,Recife,PE,129993.26
00.000.631/0631-37,2025-07-28T14:30:00Z,Belo Horizonte,MG,30524.38
00.000.632/0632-38,2025-07-28T15:00:00Z,São Paulo,SP,69947.91
00.000.633/0633-39,2025-07-28T15:30:00Z,Recife,PE,142990.37
00.000.634/0634-40,2025-07-28T16:00:00Z,Porto Alegre,RS,157152.23
00.000.635/0635-41,2025-07-28T16:30:00Z,Belo Horizonte,MG,33795.76
00.000.636/0636-42,2025-07-28T17:00:00Z,Curitiba,PR,68458.44
00.000.637/0637-43,2025-07-28T17:30:00Z,Salvador,BA,109144.54
00.000.638/0638-44,2025-07-28T18:00:00Z,Fortaleza,CE,77552.77
00.000.639/0639-45,2025-07-28T18:30:00Z,Recife,PE,46157.19
00.000.640/0640-46,2025-07-28T09:00:00Z,São Paulo,SP,180893.74
00.000.641/0641-47,2025-07-28T09:30:00Z,Salvador,BA,158514.61
00.000.642/0642-48,2025-07-28T10:00:00Z,Salvador,BA,43939.68
00.000.643/0643-49,2025-07-28T10:30:00Z,Curitiba,PR,78445.95
00.000.644/0644-50,2025-07-28T11:00:00Z,Salvador,BA,151706.12
00.000.645/0645-51,2025-07-28T11:30:00Z,Recife,PE,49535.43
00.000.646/0646-52,2025-07-28T12:00:00Z,Belo Horizonte,MG,148810.77
00.000.647/0647-53,2025-07-28T12:30:00Z,Belo Horizonte,MG,64959.23
00.000.648/0648-54,2025-07-28T13:00:00Z,Fortaleza,CE,119144.93
00.000.649/0649-55,2025-07-28T13:30:00Z,Recife,PE,132648.46
00.000.650/0650-56,2025-07-28T14:00:00Z,Porto Alegre,RS,33676.33
00.000.651/0651-57,2025-07-28T14:30:00Z,Fortaleza,CE,62366.03
00.000.652/0652-58,2025-07-28T15:00:00Z,Belo Horizonte,MG,76190.0
00.000.653/0653-59,2025-07-28T15:30:00Z,Curitiba,PR,185692.03
00.000.654/0654-60,2025-07-28T16:00:00Z,Porto Alegre,RS,78679.97
00.000.655/0655-61,2025-07-28T16:30:00Z,Rio de Janeiro,RJ,118546.92
00.000.656/0656-62,2025-07-28T17:00:00Z,Fortaleza,CE,179216.67
00.000.657/0657-63,2025-07-28T17:30:00Z,São Paulo,SP,193909.42
00.000.658/0658-64,2025-07-28T18:00:00Z,Salvador,BA,53094.51
00.000.659/0659-65,2025-07-28T18:30:00Z,Fortaleza,CE,182667.86
00.000.660/0660-66,2025-07-28T09:00:00Z,Rio de Janeiro,RJ,141397.66
00.000.661/0661-67,2025-07-28T09:30:00Z,Belo Horizonte,MG,100727.32
00.000.662/0662-68,2025-07-28T10:00:00Z,Recife,PE,20360.96
00.000.663/0663-69,2025-07-28T10:30:00Z,Belo Horizonte,MG,159672.12
00.000.664/0664-70,2025-07-28T11:00:00Z,Recife,PE,114831.66
00.000.665/0665-71,2025-07-28T11:30:00Z,Fortaleza,CE,58061.57
00.000.666/0666-72,2025-07-28T12:00:00Z,Curitiba,PR,147503.77
00.000.667/0667-73,2025-07-28T12:30:00Z,Rio de Janeiro,RJ,190124.06
00.000.668/0668-74,2025-07-28T13:00:00Z,Rio de Janeiro,RJ,129079.59
00.000.669/0669-75,2025-07-28T13:30:00Z,Belo Horizonte,MG,126636.8
00.000.670/0670-76,2025-07-28T14:00:00Z,Belo Horizonte,MG,102770.75
00.000.671/0671-77,2025-07-28T14:30:00Z,Salvador,BA,99130.49
00.000.672/0672-78,2025-07-28T15:00:00Z,Porto Alegre,RS,121687.48
00.000.673/0673-79,2025-07-28T15:30:00Z,Recife,PE,47329.28
00.000.674/0674-80,2025-07-28T16:00:00Z,Porto Alegre,RS,179318.23
00.000.675/0675-81,2025-07-28T16:30:00Z,Rio de Janeiro,RJ,155613.1
00.000.676/0676-82,2025-07-28T17:00:00Z,Fortaleza,CE,44564.96
00.000.677/0677-83,2025-07-28T17:30:00Z,Fortaleza,CE,175333.56
00.000.678/0678-84,2025-07-28T18:00:00Z,Porto Alegre,RS,175808.31
00.000.679/0679-85,2025-07-28T18:30:00Z,São Paulo,SP,103285.96
00.000.680/0680-86,2025-07-28T09:00:00Z,Fortaleza,CE,107896.42
00.000.681/0681-87,2025-07-28T09:30:00Z,São Paulo,SP,118411.72
00.000.682/0682-88,2025-07-28T10:00:00Z,Porto Alegre,RS,157851.13
00.000.683/0683-89,2025-07-28T10:30:00Z,Porto Alegre,RS,156969.79
00.000.684/0684-90,2025-07-28T11:00:00Z,Salvador,BA,183831.68
00.000.685/0685-91,2025-07-28T11:30:00Z,Belo Horizonte,MG,121402.98
00.000.686/0686-92,2025-07-28T12:00:00Z,Belo Horizonte,MG,73211.6
00.000.687/0687-93,2025-07-28T12:30:00Z,Porto Alegre,RS,102098.11
00.000.688/0688-94,2025-07-28T13:00:00Z,Rio de Janeiro,RJ,80617.64
00.000.689/0689-95,2025-07-28T13:30:00Z,Porto Alegre,RS,36508.36
00.000.690/0690-96,2025-07-28T14:00:00Z,Salvador,BA,189205.77
00.000.691/0691-97,2025-07-28T14:30:00Z,Recife,PE,185497.19
00.000.692/0692-98,2025-07-28T15:00:00Z,Fortaleza,CE,190421.97
00.000.693/0693-00,2025-07-28T15:30:00Z,Fortaleza,CE,103044.71
00.000.694/0694-01,2025-07-28T16:00:00Z,Fortaleza,CE,199675.21
00.000.695/0695-02,2025-07-28T16:30:00Z,Porto Alegre,RS,148113.29
00.000.696/0696-03,2025-07-28T17:00:00Z,Fortaleza,CE,33288.35
00.000.697/0697-04,2025-07-28T17:30:00Z,Belo Horizonte,MG,125387.76
00.000.698/0698-05,2025-07-28T18:00:00Z,Curitiba,PR,171730.36
00.000.699/0699-06,2025-07-28T18:30:00Z,Belo Horizonte,MG,190983.89
00.000.700/0700-07,2025-07-28T09:00:00Z,Belo Horizonte,MG,59974.96
00.000.701/0701-08,2025-07-28T09:30:00Z,Recife,PE,41768.05
00.000.702/0702-09,2025-07-28T10:00:00Z,Recife,PE,38664.91
00.000.703/0703-10,2025-07-28T10:30:00Z,Recife,PE,24356.65
00.000.704/0704-11,2025-07-28T11:00:00Z,Salvador,BA,95326.61
00.000.705/0705-12,2025-07-28T11:30:00Z,Fortaleza,CE,131940.51
00.000.706/0706-13,2025-07-28T12:00:00Z,Recife,PE,175362.73
00.000.707/0707-14,2025-07-28T12:30:00Z,Belo Horizonte,MG,142162.44
00.000.708/0708-15,2025-07-28T13:00:00Z,São Paulo,SP,140519.11
00.000.709/0709-16,2025-07-28T13:30:00Z,Belo Horizonte,MG,70100.72
00.000.710/0710-17,2025-07-28T14:00:00Z,Porto Alegre,RS,122363.74
00.000.711/0711-18,2025-07-28T14:30:00Z,Rio de Janeiro,RJ,121796.71
00.000.712/0712-19,2025-07-28T15:00:00Z,Porto Alegre,RS,70437.47
00.000.713/0713-20,2025-07-28T15:30:00Z,Recife,PE,42928.27
00.000.714/0714-21,2025-07-28T16:00:00Z,Rio de Janeiro,RJ,154508.0
00.000.715/0715-22,2025-07-28T16:30:00Z,Curitiba,PR,155255.81
00.000.716/0716-23,2025-07-28T17:00:00Z,Porto Alegre,RS,41007.91
00.000.717/0717-24,2025-07-28T17:30:00Z,Belo Horizonte,MG,44660.35
00.000.718/0718-25,2025-07-28T18:00:00Z,São Paulo,SP,163231.55
00.000.719/0719-26,2025-07-28T18:30:00Z,Recife,PE,127557.56
00.000.720/0720-27,2025-07-28T09:00:00Z,Fortaleza,CE,153808.53
00.000.721/0721-28,2025-07-28T09:30:00Z,Rio de Janeiro,RJ,182761.89
00.000.722/0722-29,2025-07-28T10:00:00Z,Fortaleza,CE,98015.01
00.000.723/0723-30,2025-07-28T10:30:00Z,Belo Horizonte,MG,81835.8
00.000.724/0724-31,2025-07-28T11:00:00Z,Recife,PE,101068.23
00.000.725/0725-32,2025-07-28T11:30:00Z,Fortaleza,CE,178321.91
00.000.726/0726-33,2025-07-28T12:00:00Z,Recife,PE,119560.23
00.000.727/0727-34,2025-07-28T12:30:00Z,Rio de Janeiro,RJ,99015.64
00.000.728/0728-35,2025-07-28T13:00:00Z,Salvador,BA,153648.8
00.000.729/0729-36,2025-07-28T13:30:00Z,Curitiba,PR,68735.98
00.000.730/0730-37,2025-07-28T14:00:00Z,São Paulo,SP,149827.4
00.000.731/0731-38,2025-07-28T14:30:00Z,Belo Horizonte,MG,165652.54
00.000.732/0732-39,2025-07-28T15:00:00Z,Porto Alegre,RS,46738.11
00.000.733/0733-40,2025-07-28T15:30:00Z,Recife,PE,132331.56
00.000.734/0734-41,2025-07-28T16:00:00Z,Recife,PE,86813.18
00.000.735/0735-42,2025-07-28T16:30:00Z,Fortaleza,CE,26136.28
00.000.736/0736-43,2025-07-28T17:00:00Z,Curitiba,PR,128152.05
00.000.737/0737-44,2025-07-28T17:30:00Z,São Paulo,SP,150984.39
00.000.738/0738-45,2025-07-28T18:00:00Z,Recife,PE,181913.33
00.000.739/0739-46,2025-07-28T18:30:00Z,Porto Alegre,RS,165781.71
00.000.740/0740-47,2025-07-28T09:00:00Z,Belo Horizonte,MG,91994.32
00.000.741/0741-48,2025-07-28T09:30:00Z,Curitiba,PR,198842.61
00.000.742/0742-49,2025-07-28T10:00:00Z,Fortaleza,CE,83146.78
00.000.743/0743-50,2025-07-28T10:30:00Z,Recife,PE,108576.35
00.000.744/0744-51,2025-07-28T11:00:00Z,Fortaleza,CE,157077.93
00.000.745/0745-52,2025-07-28T11:30:00Z,Recife,PE,198727.61
00.000.746/0746-53,2025-07-28T12:00:00Z,Belo Horizonte,MG,103242.7
00.000.747/0747-54,2025-07-28T12:30:00Z,Curitiba,PR,146645.17
00.000.748/0748-55,2025-07-28T13:00:00Z,Recife,PE,56110.7
00.000.749/0749-56,2025-07-28T13:30:00Z,Rio de Janeiro,RJ,38595.64
00.000.750/0750-57,2025-07-28T14:00:00Z,Salvador,BA,27134.8
00.000.751/0751-58,2025-07-28T14:30:00Z,Salvador,BA,135760.4
00.000.752/0752-59,2025-07-28T15:00:00Z,Recife,PE,118555.08
00.000.753/0753-60,2025-07-28T15:30:00Z,São Paulo,SP,122325.47
00.000.754/0754-61,2025-07-28T16:00:00Z,Salvador,BA,96726.5
00.000.755/0755-62,2025-07-28T16:30:00Z,São Paulo,SP,114298.57
00.000.756/0756-63,2025-07-28T17:00:00Z,Recife,PE,75978.95
00.000.757/0757-64,2025-07-28T17:30:00Z,Salvador,BA,54473.45
00.000.758/0758-65,2025-07-28T18:00:00Z,Salvador,BA,92394.95
00.000.759/0759-66,2025-07-28T18:30:00Z,Curitiba,PR,29961.45
00.000.760/0760-67,2025-07-28T09:00:00Z,Rio de Janeiro,RJ,184307.13
00.000.761/0761-68,2025-07-28T09:30:00Z,Salvador,BA,130009.88
00.000.762/0762-69,2025-07-28T10:00:00Z,Recife,PE,143887.43
00.000.763/0763-70,2025-07-28T10:30:00Z,Rio de Janeiro,RJ,97592.8
00.000.764/0764-71,2025-07-28T11:00:00Z,Recife,PE,29257.33
00.000.765/0765-72,2025-07-28T11:30:00Z,Belo Horizonte,MG,195377.26
00.000.766/0766-73,2025-07-28T12:00:00Z,São Paulo,SP,182658.78
00.000.767/0767-74,2025-07-28T12:30:00Z,Rio de Janeiro,RJ,68688.12
00.000.768/0768-75,2025-07-28T13:00:00Z,Salvador,BA,173139.99
00.000.769/0769-76,2025-07-28T13:30:00Z,Belo Horizonte,MG,95720.25
00.000.770/0770-77,2025-07-28T14:00:00Z,Recife,PE,79292.47
00.000.771/0771-78,2025-07-28T14:30:00Z,Fortaleza,CE,43799.66
00.000.772/0772-79,2025-07-28T15:00:00Z,Porto Alegre,RS,27595.06
00.000.773/0773-80,2025-07-28T15:30:00Z,Curitiba,PR,132385.65
00.000.774/0774-81,2025-07-28T16:00:00Z,Rio de Janeiro,RJ,157113.05
00.000.775/0775-82,2025-07-28T16:30:00Z,Curitiba,PR,166644.3
00.000.776/0776-83,2025-07-28T17:00:00Z,Recife,PE,121928.25
00.000.777/0777-84,2025-07-28T17:30:00Z,Belo Horizonte,MG,85830.05
00.000.778/0778-85,2025-07-28T18:00:00Z,Rio de Janeiro,RJ,156798.09
00.000.779/0779-86,2025-07-28T18:30:00Z,Belo Horizonte,MG,110955.1
00.000.780/0780-87,2025-07-28T09:00:00Z,Curitiba,PR,140804.23
00.000.781/0781-88,2025-07-28T09:30:00Z,Belo Horizonte,MG,82018.53
00.000.782/0782-89,2025-07-28T10:00:00Z,Curitiba,PR,41555.18
00.000.783/0783-90,2025-07-28T10:30:00Z,Porto Alegre,RS,108544.69
00.000.784/0784-91,2025-07-28T11:00:00Z,Fortaleza,CE,80369.55
00.000.785/0785-92,2025-07-28T11:30:00Z,Belo Horizonte,MG,112746.64
00.000.786/0786-93,2025-07-28T12:00:00Z,Curitiba,PR,140392.63
00.000.787/0787-94,2025-07-28T12:30:00Z,Belo Horizonte,MG,75003.61
00.000.788/0788-95,2025-07-28T13:00:00Z,Curitiba,PR,118607.6
00.000.789/0789-96,2025-07-28T13:30:00Z,São Paulo,SP,40181.37
00.000.790/0790-97,2025-07-28T14:00:00Z,Salvador,BA,76497.07
00.000.791/0791-98,2025-07-28T14:30:00Z,Rio de Janeiro,RJ,81472.97
00.000.792/0792-00,2025-07-28T15:00:00Z,Salvador,BA,196240.27
00.000.793/0793-01,2025-07-28T15:30:00Z,Recife,PE,81827.3
00.000.794/0794-02,2025-07-28T16:00:00Z,Recife,PE,33037.27
00.000.795/0795-03,2025-07-28T16:30:00Z,Belo Horizonte,MG,117545.57
00.000.796/0796-04,2025-07-28T17:00:00Z,São Paulo,SP,147625.22
00.000.797/0797-05,2025-07-28T17:30:00Z,Belo Horizonte,MG,193078.13
00.000.798/0798-06,2025-07-28T18:00:00Z,Fortaleza,CE,145297.71
00.000.799/0799-07,2025-07-28T18:30:00Z,Porto Alegre,RS,118783.62
00.000.800/0800-08,2025-07-28T09:00:00Z,Belo Horizonte,MG,38058.91
00.000.801/0801-09,2025-07-28T09:30:00Z,Belo Horizonte,MG,177126.77
00.000.802/0802-10,2025-07-28T10:00:00Z,Fortaleza,CE,27636.59
00.000.803/0803-11,2025-07-28T10:30:00Z,São Paulo,SP,179736.7
00.000.804/0804-12,2025-07-28T11:00:00Z,Curitiba,PR,131194.55
00.000.805/0805-13,2025-07-28T11:30:00Z,Curitiba,PR,88853.8
00.000.806/0806-14,2025-07-28T12:00:00Z,Fortaleza,CE,190700.94
00.000.807/0807-15,2025-07-28T12:30:00Z,Recife,PE,79006.88
00.000.808/0808-16,2025-07-28T13:00:00Z,Salvador,BA,70377.82
00.000.809/0809-17,2025-07-28T13:30:00Z,Recife,PE,156341.12
00.000.810/0810-18,2025-07-28T14:00:00Z,Salvador,BA,175874.71
00.000.811/0811-19,2025-07-28T14:30:00Z,Rio de Janeiro,RJ,112365.24
00.000.812/0812-20,2025-07-28T15:00:00Z,Fortaleza,CE,35269.43
00.000.813/0813-21,2025-07-28T15:30:00Z,Recife,PE,183895.81
00.000.814/0814-22,2025-07-28T16:00:00Z,Belo Horizonte,MG,74073.8
00.000.815/0815-23,2025-07-28T16:30:00Z,Salvador,BA,104895.53
00.000.816/0816-24,2025-07-28T17:00:00Z,Salvador,BA,62843.44
00.000.817/0817-25,2025-07-28T17:30:00Z,Recife,PE,127121.47
00.000.818/0818-26,2025-07-28T18:00:00Z,Recife,PE,111089.76
00.000.819/0819-27,2025-07-28T18:30:00Z,Fortaleza,CE,155321.17
00.000.820/0820-28,2025-07-28T09:00:00Z,Curitiba,PR,126964.12
00.000.821/0821-29,2025-07-28T09:30:00Z,São Paulo,SP,23410.4
00.000.822/0822-30,2025-07-28T10:00:00Z,São Paulo,SP,97365.97
00.000.823/0823-31,2025-07-28T10:30:00Z,Curitiba,PR,155975.88
00.000.824/0824-32,2025-07-28T11:00:00Z,Recife,PE,77395.97
00.000.825/0825-33,2025-07-28T11:30:00Z,Rio de Janeiro,RJ,68473.25
00.000.826/0826-34,2025-07-28T12:00:00Z,Porto Alegre,RS,51360.75
00.000.827/0827-35,2025-07-28T12:30:00Z,Belo Horizonte,MG,152201.3
00.000.828/0828-36,2025-07-28T13:00:00Z,Fortaleza,CE,128768.97
00.000.829/0829-37,2025-07-28T13:30:00Z,Salvador,BA,81399.35
00.000.830/0830-38,2025-07-28T14:00:00Z,São Paulo,SP,39693.02
00.000.831/0831-39,2025-07-28T14:30:00Z,Belo Horizonte,MG,123050.61
00.000.832/0832-40,2025-07-28T15:00:00Z,Recife,PE,42516.22
00.000.833/0833-41,2025-07-28T15:30:00Z,Rio de Janeiro,RJ,123062.55
00.000.834/0834-42,2025-07-28T16:00:00Z,Curitiba,PR,83230.32
00.000.835/0835-43,2025-07-28T16:30:00Z,Porto Alegre,RS,76568.02
00.000.836/0836-44,2025-07-28T17:00:00Z,Recife,PE,56548.65
00.000.837/0837-45,2025-07-28T17:30:00Z,Rio de Janeiro,RJ,117739.56
00.000.838/0838-46,2025-07-28T18:00:00Z,Porto Alegre,RS,20000.94
00.000.839/0839-47,2025-07-28T18:30:00Z,Fortaleza,CE,154771.53
00.000.840/0840-48,2025-07-28T09:00:00Z,Fortaleza,CE,55582.03
00.000.841/0841-49,2025-07-28T09:30:00Z,Porto Alegre,RS,167915.05
00.000.842/0842-50,2025-07-28T10:00:00Z,Fortaleza,CE,106661.38
00.000.843/0843-51,2025-07-28T10:30:00Z,Fortaleza,CE,48608.04
00.000.844/0844-52,2025-07-28T11:00:00Z,Rio de Janeiro,RJ,30512.44
00.000.845/0845-53,2025-07-28T11:30:00Z,Fortaleza,CE,172994.22
00.000.846/0846-54,2025-07-28T12:00:00Z,São Paulo,SP,149708.9
00.000.847/0847-55,2025-07-28T12:30:00Z,Porto Alegre,RS,186384.56
00.000.848/0848-56,2025-07-28T13:00:00Z,Rio de Janeiro,RJ,122083.85
00.000.849/0849-57,2025-07-28T13:30:00Z,São Paulo,SP,179604.64
00.000.850/0850-58,2025-07-28T14:00:00Z,Belo Horizonte,MG,198421.17
00.000.851/0851-59,2025-07-28T14:30:00Z,Curitiba,PR,130319.21
00.000.852/0852-60,2025-07-28T15:00:00Z,Belo Horizonte,MG,163292.29
00.000.853/0853-61,2025-07-28T15:30:00Z,Porto Alegre,RS,111657.98
00.000.854/0854-62,2025-07-28T16:00:00Z,Fortaleza,CE,47229.12
00.000.855/0855-63,2025-07-28T16:30:00Z,Belo Horizonte,MG,25540.54
00.000.856/0856-64,2025-07-28T17:00:00Z,Belo Horizonte,MG,32429.55
00.000.857/0857-65,2025-07-28T17:30:00Z,Rio de Janeiro,RJ,140264.29
00.000.858/0858-66,2025-07-28T18:00:00Z,Recife,PE,137475.16
00.000.859/0859-67,2025-07-28T18:30:00Z,Belo Horizonte,MG,36852.24
00.000.860/0860-68,2025-07-28T09:00:00Z,Belo Horizonte,MG,73664.99
00.000.861/0861-69,2025-07-28T09:30:00Z,Curitiba,PR,150344.59
00.000.862/0862-70,2025-07-28T10:00:00Z,Curitiba,PR,66749.04
00.000.863/0863-71,2025-07-28T10:30:00Z,Fortaleza,CE,97861.1
00.000.864/0864-72,2025-07-28T11:00:00Z,Curitiba,PR,178079.88
00.000.865/0865-73,2025-07-28T11:30:00Z,Recife,PE,23468.55
00.000.866/0866-74,2025-07-28T12:00:00Z,Recife,PE,49170.25
00.000.867/0867-75,2025-07-28T12:30:00Z,Belo Horizonte,MG,93608.33
00.000.868/0868-76,2025-07-28T13:00:00Z,Belo Horizonte,MG,155891.72
00.000.869/0869-77,2025-07-28T13:30:00Z,Porto Alegre,RS,134034.51
00.000.870/0870-78,2025-07-28T14:00:00Z,São Paulo,SP,55061.71
00.000.871/0871-79,2025-07-28T14:30:00Z,Belo Horizonte,MG,113433.72
00.000.872/0872-80,2025-07-28T15:00:00Z,Salvador,BA,38867.85
00.000.873/0873-81,2025-07-28T15:30:00Z,São Paulo,SP,50310.74
00.000.874/0874-82,2025-07-28T16:00:00Z,Fortaleza,CE,151494.34
00.000.875/0875-83,2025-07-28T16:30:00Z,Belo Horizonte,MG,198463.85
00.000.876/0876-84,2025-07-28T17:00:00Z,Salvador,BA,184905.09
00.000.877/0877-85,2025-07-28T17:30:00Z,Fortaleza,CE,156159.96
00.000.878/0878-86,2025-07-28T18:00:00Z,Belo Horizonte,MG,38551.51
00.000.879/0879-87,2025-07-28T18:30:00Z,São Paulo,SP,60123.07
00.000.880/0880-88,2025-07-28T09:00:00Z,Salvador,BA,150072.32
00.000.881/0881-89,2025-07-28T09:30:00Z,Salvador,BA,36085.89
00.000.882/0882-90,2025-07-28T10:00:00Z,Recife,PE,97285.01
00.000.883/0883-91,2025-07-28T10:30:00Z,Recife,PE,169669.47
00.000.884/0884-92,2025-07-28T11:00:00Z,Fortaleza,CE,97916.58
00.000.885/0885-93,2025-07-28T11:30:00Z,Recife,PE,172355.41
00.000.886/0886-94,2025-07-28T12:00:00Z,Belo Horizonte,MG,89005.35
00.000.887/0887-95,2025-07-28T12:30:00Z,Porto Alegre,RS,157719.23
00.000.888/0888-96,2025-07-28T13:00:00Z,Belo Horizonte,MG,157436.39
00.000.889/0889-97,2025-07-28T13:30:00Z,Belo Horizonte,MG,72776.95
00.000.890/0890-98,2025-07-28T14:00:00Z,Curitiba,PR,172595.78
00.000.891/0891-00,2025-07-28T14:30:00Z,Recife,PE,177714.73
00.000.892/0892-01,2025-07-28T15:00:00Z,Porto Alegre,RS,138441.93
00.000.893/0893-02,2025-07-28T15:30:00Z,Rio de Janeiro,RJ,174137.49
00.000.894/0894-03,2025-07-28T16:00:00Z,Salvador,BA,62971.86
00.000.895/0895-04,2025-07-28T16:30:00Z,Belo Horizonte,MG,47920.74
00.000.896/0896-05,2025-07-28T17:00:00Z,São Paulo,SP,48794.07
00.000.897/0897-06,2025-07-28T17:30:00Z,Curitiba,PR,180415.73
00.000.898/0898-07,2025-07-28T18:00:00Z,Porto Alegre,RS,104724.12
00.000.899/0899-08,2025-07-28T18:30:00Z,Recife,PE,73958.46
00.000.900/0900-09,2025-07-28T09:00:00Z,Recife,PE,62179.78
00.000.901/0901-10,2025-07-28T09:30:00Z,Porto Alegre,RS,166458.21
00.000.902/0902-11,2025-07-28T10:00:00Z,Salvador,BA,165114.14
00.000.903/0903-12,2025-07-28T10:30:00Z,Fortaleza,CE,74791.62
00.000.904/0904-13,2025-07-28T11:00:00Z,Curitiba,PR,71195.58
00.000.905/0905-14,2025-07-28T11:30:00Z,Salvador,BA,88028.51
00.000.906/0906-15,2025-07-28T12:00:00Z,Salvador,BA,189495.23
00.000.907/0907-16,2025-07-28T12:30:00Z,Salvador,BA,169565.5
00.000.908/0908-17,2025-07-28T13:00:00Z,Porto Alegre,RS,149110.78
00.000.909/0909-18,2025-07-28T13:30:00Z,Fortaleza,CE,126156.93
00.000.910/0910-19,2025-07-28T14:00:00Z,Porto Alegre,RS,89795.18
00.000.911/0911-20,2025-07-28T14:30:00Z,Rio de Janeiro,RJ,46635.94
00.000.912/0912-21,2025-07-28T15:00:00Z,Fortaleza,CE,138140.48
00.000.913/0913-22,2025-07-28T15:30:00Z,Fortaleza,CE,90987.89
00.000.914/0914-23,2025-07-28T16:00:00Z,Belo Horizonte,MG,62631.08
00.000.915/0915-24,2025-07-28T16:30:00Z,Recife,PE,168426.24
00.000.916/0916-25,2025-07-28T17:00:00Z,Rio de Janeiro,RJ,76181.8
00.000.917/0917-26,2025-07-28T17:30:00Z,Porto Alegre,RS,123511.77
00.000.918/0918-27,2025-07-28T18:00:00Z,São Paulo,SP,91211.22
00.000.919/0919-28,2025-07-28T18:30:00Z,Rio de Janeiro,RJ,58885.38
00.000.920/0920-29,2025-07-28T09:00:00Z,Salvador,BA,174864.55
00.000.921/0921-30,2025-07-28T09:30:00Z,Porto Alegre,RS,102602.97
00.000.922/0922-31,2025-07-28T10:00:00Z,Rio de Janeiro,RJ,70923.06
00.000.923/0923-32,2025-07-28T10:30:00Z,São Paulo,SP,82885.5
00.000.924/0924-33,2025-07-28T11:00:00Z,Salvador,BA,25533.08
00.000.925/0925-34,2025-07-28T11:30:00Z,Curitiba,PR,95188.72
00.000.926/0926-35,2025-07-28T12:00:00Z,Porto Alegre,RS,173127.34
00.000.927/0927-36,2025-07-28T12:30:00Z,Salvador,BA,199137.13
00.000.928/0928-37,2025-07-28T13:00:00Z,Belo Horizonte,MG,191154.72
00.000.929/0929-38,2025-07-28T13:30:00Z,Recife,PE,100318.95
00.000.930/0930-39,2025-07-28T14:00:00Z,Salvador,BA,174000.53
00.000.931/0931-40,2025-07-28T14:30:00Z,São Paulo,SP,105091.74
00.000.932/0932-41,2025-07-28T15:00:00Z,Recife,PE,196603.54
00.000.933/0933-42,2025-07-28T15:30:00Z,Fortaleza,CE,99790.61
00.000.934/0934-43,2025-07-28T16:00:00Z,Recife,PE,136393.92
00.000.935/0935-44,2025-07-28T16:30:00Z,São Paulo,SP,167118.03
00.000.936/0936-45,2025-07-28T17:00:00Z,Porto Alegre,RS,105796.2
00.000.937/0937-46,2025-07-28T17:30:00Z,Curitiba,PR,141371.69
00.000.938/0938-47,2025-07-28T18:00:00Z,São Paulo,SP,75203.02
00.000.939/0939-48,2025-07-28T18:30:00Z,Fortaleza,CE,69181.43
00.000.940/0940-49,2025-07-28T09:00:00Z,Rio de Janeiro,RJ,49330.03
00.000.941/0941-50,2025-07-28T09:30:00Z,Fortaleza,CE,59202.27
00.000.942/0942-51,2025-07-28T10:00:00Z,Belo Horizonte,MG,138058.0
00.000.943/0943-52,2025-07-28T10:30:00Z,Fortaleza,CE,88162.34
00.000.944/0944-53,2025-07-28T11:00:00Z,Recife,PE,33929.16
00.000.945/0945-54,2025-07-28T11:30:00Z,Recife,PE,111448.02
00.000.946/0946-55,2025-07-28T12:00:00Z,Curitiba,PR,91775.01
00.000.947/0947-56,2025-07-28T12:30:00Z,Rio de Janeiro,RJ,55472.17
00.000.948/0948-57,2025-07-28T13:00:00Z,Curitiba,PR,135513.91
00.000.949/0949-58,2025-07-28T13:30:00Z,Recife,PE,128914.64
00.000.950/0950-59,2025-07-28T14:00:00Z,Curitiba,PR,88237.16
00.000.951/0951-60,2025-07-28T14:30:00Z,São Paulo,SP,155337.87
00.000.952/0952-61,2025-07-28T15:00:00Z,Recife,PE,189848.06
00.000.953/0953-62,2025-07-28T15:30:00Z,Recife,PE,107965.16
00.000.954/0954-63,2025-07-28T16:00:00Z,Rio de Janeiro,RJ,20536.84
00.000.955/0955-64,2025-07-28T16:30:00Z,Rio de Janeiro,RJ,146109.12
00.000.956/0956-65,2025-07-28T17:00:00Z,Porto Alegre,RS,152094.29
00.000.957/0957-66,2025-07-28T17:30:00Z,Salvador,BA,64626.38
00.000.958/0958-67,2025-07-28T18:00:00Z,Curitiba,PR,89502.8
00.000.959/0959-68,2025-07-28T18:30:00Z,Belo Horizonte,MG,151374.62
00.000.960/0960-69,2025-07-28T09:00:00Z,Salvador,BA,152094.98
00.000.961/0961-70,2025-07-28T09:30:00Z,São Paulo,SP,128393.61
00.000.962/0962-71,2025-07-28T10:00:00Z,Recife,PE,116577.14
00.000.963/0963-72,2025-07-28T10:30:00Z,Curitiba,PR,126656.52
00.000.964/0964-73,2025-07-28T11:00:00Z,Belo Horizonte,MG,117127.44
00.000.965/0965-74,2025-07-28T11:30:00Z,Belo Horizonte,MG,145781.65
00.000.966/0966-75,2025-07-28T12:00:00Z,Salvador,BA,121992.73
00.000.967/0967-76,2025-07-28T12:30:00Z,Fortaleza,CE,46495.6
00.000.968/0968-77,2025-07-28T13:00:00Z,Fortaleza,CE,113515.31
00.000.969/0969-78,2025-07-28T13:30:00Z,Porto Alegre,RS,122036.83
00.000.970/0970-79,2025-07-28T14:00:00Z,São Paulo,SP,153174.3
00.000.971/0971-80,2025-07-28T14:30:00Z,Rio de Janeiro,RJ,83537.39
00.000.972/0972-81,2025-07-28T15:00:00Z,São Paulo,SP,187760.33
00.000.973/0973-82,2025-07-28T15:30:00Z,Porto Alegre,RS,119466.45
00.000.974/0974-83,2025-07-28T16:00:00Z,Curitiba,PR,27402.67
00.000.975/0975-84,2025-07-28T16:30:00Z,Salvador,BA,193282.31
00.000.976/0976-85,2025-07-28T17:00:00Z,Porto Alegre,RS,79829.23
00.000.977/0977-86,2025-07-28T17:30:00Z,Porto Alegre,RS,122403.58
00.000.978/0978-87,2025-07-28T18:00:00Z,Salvador,BA,65945.26
00.000.979/0979-88,2025-07-28T18:30:00Z,Rio de Janeiro,RJ,116959.07
00.000.980/0980-89,2025-07-28T09:00:00Z,Recife,PE,67870.86
00.000.981/0981-90,2025-07-28T09:30:00Z,São Paulo,SP,100322.67
00.000.982/0982-91,2025-07-28T10:00:00Z,Fortaleza,CE,191563.41
00.000.983/0983-92,2025-07-28T10:30:00Z,Recife,PE,171872.67
00.000.984/0984-93,2025-07-28T11:00:00Z,Salvador,BA,59172.03
00.000.985/0985-94,2025-07-28T11:30:00Z,Fortaleza,CE,140539.72
00.000.986/0986-95,2025-07-28T12:00:00Z,Fortaleza,CE,44859.84
00.000.987/0987-96,2025-07-28T12:30:00Z,Porto Alegre,RS,114269.54
00.000.988/0988-97,2025-07-28T13:00:00Z,Fortaleza,CE,115085.66
00.000.989/0989-98,2025-07-28T13:30:00Z,Belo Horizonte,MG,36912.36
00.000.990/0990-00,2025-07-28T14:00:00Z,Recife,PE,81700.47
00.000.991/0991-01,2025-07-28T14:30:00Z,Belo Horizonte,MG,66126.69
00.000.992/0992-02,2025-07-28T15:00:00Z,Recife,PE,45871.08
00.000.993/0993-03,2025-07-28T15:30:00Z,Curitiba,PR,195816.61
00.000.994/0994-04,2025-07-28T16:00:00Z,Salvador,BA,75164.05
00.000.995/0995-05,2025-07-28T16:30:00Z,Curitiba,PR,169557.13
00.000.996/0996-06,2025-07-28T17:00:00Z,Belo Horizonte,MG,174701.28
00.000.997/0997-07,2025-07-28T17:30:00Z,Curitiba,PR,141935.02
00.000.998/0998-08,2025-07-28T18:00:00Z,Salvador,BA,92037.16
00.000.999/0999-09,2025-07-28T18:30:00Z,Curitiba,PR,106118.35
00.001.000/1000-10,2025-07-28T09:00:00Z,Porto Alegre,RS,88297.06
